{"stats":{"minecraft:picked_up":{"minecraft:dirt":8},"minecraft:mined":{"minecraft:grass_block":3,"minecraft:dirt":5},"minecraft:used":{"minecraft:dirt":4},"minecraft:custom":{"minecraft:jump":18,"minecraft:time_since_rest":1278,"minecraft:damage_taken":140,"minecraft:damage_dealt":10,"minecraft:leave_game":2,"minecraft:sprint_one_cm":2111,"minecraft:play_time":1278,"minecraft:time_since_death":1278,"minecraft:walk_on_water_one_cm":1122,"minecraft:walk_one_cm":1117,"minecraft:total_world_time":1278,"minecraft:walk_under_water_one_cm":400,"minecraft:swim_one_cm":3909,"minecraft:fall_one_cm":1081,"minecraft:fly_one_cm":885}},"DataVersion":3839}